"","ID.x","ntacode","county_fips.x","ntaname.x","hipsterfreq","historicfreq","diversefreq","cozyfreq","modernfreq","affordablefreq","luxuryfreq","busyfreq","quietfreq","barfreq","parkfreq","n","ID.y","county_fips.y","ntaname.y","hipsterlistfreq","historiclistfreq","diverselistfreq","cozylistfreq","modernlistfreq","affordablelistfreq","luxurylistfreq","busylistfreq","quietlistfreq","barlistfreq","parklistfreq"
"1",1,"BK88",47,"Borough Park",0,0,0,0.343839542,0.076408787,0.114613181,0,0,0.477554919,0.076408787,0.133715377,5235,1,47,"Borough Park",0,0,0,0.875638486,0.010424268,0.010424268,0.010424268,0,2.022307933,0.281455228,2.147399145
"2",2,"QN52",81,"East Flushing",0,0.009391876,0.009391876,0.563512562,0.009391876,0.032871566,0,0.042263442,0.577600376,0.07043907,0.347499413,21295,2,81,"East Flushing",0,0.776049615,0,2.347631263,0,0.750073059,0,0.243530214,0.922167744,0,0.74682599
"3",3,"QN48",81,"Auburndale",0,0,0,0.122100122,0,0,0.122100122,0,1.098901099,0,0.610500611,819,3,81,"Auburndale",0,0,0,0,0,0,0.123304562,0,1.849568434,0,1.787916153
"4",4,"QN51",81,"Murray Hill",0,0,0,0.15926737,0.039816843,0.019908421,0.059725264,0.039816843,0.537527374,0.019908421,0.338443161,5023,4,81,"Murray Hill",0,0,0,0,0,0,0,0,0.429229481,0.083752094,1.434254606
"5",5,"QN27",81,"East Elmhurst",0,0,0,0.390326037,0,0.053574162,0,0.015306903,0.772998622,0.061227614,0.099494872,13066,5,81,"East Elmhurst",0,0,0,1.115618661,0.045075501,0,0,0,0.093907295,0.007512584,0.544662309
"6",6,"BX35",5,"Morrisania-Melrose",0,0,0,0.303951368,0.023380874,0.023380874,0,0,0.140285247,0.046761749,0.21042787,4277,6,5,"Morrisania-Melrose",0,0,0,1.320549928,0,0,0,0,0.596960926,0.03617945,0.940665702
"7",7,"BX98",5,"Rikers Island",0,0,0,0,0,0,0,0,0,0,0,0,7,5,"Rikers Island",0,0,0,0,0,0,0,0,0,0,0
"8",8,"QN07",81,"Hollis",0,0,0,0.529100529,0,0,0,0,0.352733686,0,0.176366843,567,8,81,"Hollis",0,0,0,0.213675214,0,0,0,0,0.213675214,0,0.213675214
"9",9,"MN06",61,"Manhattanville",0,0.007918701,0.002639567,0.240200607,0.046192424,0.035634156,0.006598918,0.04091329,0.277154547,0.14121684,0.192688399,75770,9,61,"Manhattanville",0,0.290517382,0.082694086,0.650671889,0.213263696,0,0,0.022849682,0.480931397,0.411294271,0.91507535
"10",10,"QN02",81,"Springfield Gardens North",0,0,0,0.371187801,0,0.100321027,0,0,0.461476726,0.060192616,0.190609952,9968,10,81,"Springfield Gardens North",0,0,0,0.346115311,0,0,0,0,1.275161672,0,0.537389562
"11",11,"QN46",81,"Bayside-Bayside Hills",0,0,0,0.466101695,0,0.042372881,0,0,1.101694915,0.127118644,0.720338983,2360,11,81,"Bayside-Bayside Hills",0,0,0,0.023185718,0,0,0,0,1.06654301,0.023185718,1.507071644
"12",12,"BK25",47,"Homecrest",0,0,0,0.693667487,0.044752741,0.067129112,0.022376371,0.067129112,0.514656523,0.089505482,0.246140076,4469,12,47,"Homecrest",0,0,0,0.941681811,0,0,0,1.668594086,1.899884355,0.033041467,0.214769536
"13",13,"BX59",5,"Westchester-Unionport",0,0,0,0,0,0,0,0,0.775193798,0,1.550387597,129,13,5,"Westchester-Unionport",0,0,0,0,0,0,0,0,0,0,7.142857143
"14",14,"QN41",81,"Fresh Meadows-Utopia",0,0,0,1.376936317,0,0,0,0,0.688468158,0.08605852,0.860585198,1162,14,81,"Fresh Meadows-Utopia",0,0,0,5.278944211,0,0,0,0,5.098980204,0,5.878824235
"15",15,"MN17",61,"Midtown-Midtown South",0.000617406,0.003704435,0.002469624,0.206213573,0.059270967,0.022226613,0.015435148,0.038279166,0.254371234,0.142003359,0.274745629,161968,15,61,"Midtown-Midtown South",0,0.030425082,0,0.438507529,0.332744149,0,0.33032946,0.024629828,0.483420745,0.098519313,1.534776352
"16",16,"MN19",61,"Turtle Bay-East Midtown",0,0.00430089,0.000860178,0.227947185,0.054191218,0.013762849,0.012042493,0.027525698,0.351812825,0.210743624,0.299341964,116255,16,61,"Turtle Bay-East Midtown",0,0,0,0.281683877,0.372119226,0.035581121,0.226829648,0.030392208,0.66195711,0.527786632,1.508491286
"17",17,"QN47",81,"Ft. Totten-Bay Terrace-Clearview",0,0,0,0.331785003,0.132714001,0.066357001,0,0,0.862641009,0.132714001,0.597213006,1507,17,81,"Ft. Totten-Bay Terrace-Clearview",0,0,0,0,0,0,0,0,0.113378685,0,0
"18",18,"QN08",81,"St. Albans",0,0,0,0.279966144,0.019532522,0.058597565,0.006510841,0.039065043,0.533888925,0.078130087,0.195325216,15359,18,81,"St. Albans",0,0,0,0.521545395,0.015190643,0,0,0.278495114,0.460782824,0.015190643,1.7367968
"19",19,"QN54",81,"Richmond Hill",0,0,0,0.372259755,0.032170596,0.045957994,0.004595799,0.022978997,0.436600947,0.041362195,0.142469783,21759,19,81,"Richmond Hill",0,0,0,0.269204884,0,0,0,0,0.65698811,0,0.830048393
"20",20,"QN25",81,"Corona",0,0,0.023054755,0.403458213,0.034582133,0.126801153,0.011527378,0.023054755,0.495677233,0.103746398,0.368876081,8675,20,81,"Corona",0,0,0,0.069944744,0.076939218,0.055955795,0,0.062950269,0.321745821,0,1.007204309
"21",21,"QN55",81,"South Ozone Park",0,0,0,0.72585148,0,0,0,0.027917365,0.279173646,0.139586823,0.139586823,3582,21,81,"South Ozone Park",0,0,0,0.045011253,0.015003751,0,0,0.16504126,0.555138785,0,0
"22",22,"QN06",81,"Jamaica Estates-Holliswood",0,0,0,0.230893558,0.023089356,0,0,0.023089356,0.646501963,0.138536135,0.346340337,4331,22,81,"Jamaica Estates-Holliswood",0,0,0,0.228107971,0,0.164744646,0,0,2.014953745,0,2.344443036
"23",23,"BK44",47,"Madison",0,0,0.028690288,0.358628604,0.014345144,0.014345144,0,0.028690288,0.372973748,0.071725721,0.200832018,6971,23,47,"Madison",0,0,0.048971596,2.282076396,0.048971596,0,0,0,0.724779628,0.333006856,0.675808031
"24",24,"BK40",47,"Windsor Terrace",0,0.002572612,0.010290448,0.282987317,0.048879627,0.023153508,0.002572612,0.023153508,0.771783592,0.172365002,1.206555015,38871,24,47,"Windsor Terrace",0,0.24078452,0.024078452,0.225461868,0.510025392,0.109447509,0.076613256,0.017511601,1.505997723,0.293319324,3.981700376
"25",25,"BK41",47,"Kensington-Ocean Parkway",0,0.006917543,0.006917543,0.269784173,0.041505257,0.006917543,0,0.013835086,0.677919203,0.083010515,0.283619258,14456,25,47,"Kensington-Ocean Parkway",0,0.238535393,0.304132626,0.80505695,0.005963385,0,0.33394955,0,1.192676963,0.840837259,2.910131791
"26",26,"BK95",47,"Erasmus",0,0,0.025536261,0.36885711,0.048235161,0.039723073,0,0.045397798,0.366019748,0.139030757,0.173079106,35244,26,47,"Erasmus",0,0.077293807,0.05001364,0.341002091,0.431935983,0.020460125,0,0.031826862,0.488769664,0.240974811,0.675184141
"27",27,"BX33",5,"Longwood",0,0,0.058309038,0.058309038,0.116618076,0.058309038,0,0.058309038,0.699708455,0.058309038,0.29154519,1715,27,5,"Longwood",0,0,0,0,0,0,0,0,1.330108827,0,2.53929867
"28",28,"BK69",47,"Clinton Hill",0.004960765,0.027509696,0.012627401,0.284567511,0.08839181,0.016686209,0.008117615,0.043744926,0.449625688,0.253900965,0.168666005,221740,28,47,"Clinton Hill",0.002102095,0.461199539,0.116456037,0.322040882,0.616754534,0,0.041201053,0.010510473,0.612129926,1.185160894,0.693691194
"29",29,"BX52",5,"Schuylerville-Throgs Neck-Edgewater Park",0,0,0,0.377928949,0.07558579,0,0,0,0.907029478,0.07558579,0.680272109,1323,29,5,"Schuylerville-Throgs Neck-Edgewater Park",0,0,0,2.040816327,0,0,0,0,3.25255102,2.040816327,0
"30",30,"QN49",81,"Whitestone",0,0,0,1.52284264,0,0,0,0,1.015228426,0,2.030456853,197,30,81,"Whitestone",0,0,0,0,0,0,0,0,2.432432432,0,2.162162162
"31",31,"QN26",81,"North Corona",0,0,0,0.297688993,0.023501763,0.039169604,0,0.031335684,0.344692519,0.070505288,0.313356835,12765,31,81,"North Corona",0,0,0.17407282,0.251438518,0.135389971,0,0,0,0,0,1.363570427
"32",32,"BK27",47,"Bath Beach",0,0,0,0.225988701,0.11299435,0,0.11299435,0,0.225988701,0.11299435,0,885,32,47,"Bath Beach",0,0,0,2.359641985,0,0,2.60374288,0,2.60374288,0,3.986981286
"33",33,"BK28",47,"Bensonhurst West",0.014304105,0,0.028608211,0.414819053,0.057216421,0.057216421,0.014304105,0,0.529251895,0.042912316,0.286082106,6991,33,47,"Bensonhurst West",0,0,0,0.454615503,0,0.12328556,0.084758823,0,0.762829404,0.15410695,1.155802127
"34",34,"BK76",47,"Greenpoint",0.018098334,0.016757717,0.003351543,0.349230821,0.06099809,0.018098334,0.004021852,0.046921607,0.545631263,0.463853605,0.237289272,149185,34,47,"Greenpoint",0.003074123,0.082386503,0.003074123,0.4414441,0.246544685,0.003688948,0.004918597,0.004918597,0.596994737,1.041512961,1.583173479
"35",35,"QN30",81,"Maspeth",0,0,0,0.520634921,0.063492063,0.038095238,0,0.050793651,0.736507937,0.126984127,0.203174603,7875,35,81,"Maspeth",0,0,0,0.280177446,0.186784964,0,0,0,1.260798506,0.140088723,0.708226321
"36",36,"BK17",47,"Sheepshead Bay-Gerritsen Beach-Manhattan Beach",0,0,0.009595087,0.383803493,0.086355786,0.057570524,0.009595087,0.067165611,0.470159278,0.489349453,0.383803493,10422,36,47,"Sheepshead Bay-Gerritsen Beach-Manhattan Beach",0,0,0,0.48597833,0.087635437,0,0.270873168,0,0.557680051,0.191204589,0.318674315
"37",37,"QN35",81,"Briarwood-Jamaica Hills",0,0,0.012196609,0.304915234,0.036589828,0.012196609,0,0.024393219,0.683010123,0.085376265,0.231735578,8199,37,81,"Briarwood-Jamaica Hills",0,0,0,0.904574776,0.874916586,0,0,0,1.290131237,0,0.845258397
"38",38,"QN61",81,"Jamaica",0,0,0,0.200515612,0,0.057290175,0,0,0.372386136,0.085935262,0.257805786,3491,38,81,"Jamaica",0,0,0,0.117096019,0,0,0,0,0,0,0
"39",39,"SI45",85,"New Dorp-Midland Beach",0,0,0,0.826446281,0,0,0,0,0.41322314,0,0,242,39,85,"New Dorp-Midland Beach",0,0,0,0.563909774,2.067669173,0,0,0,2.255639098,0,1.127819549
"40",40,"QN63",81,"Woodside",0,0,0.02602811,0.364393545,0.029746412,0.040901316,0.003718301,0.022309809,0.468505986,0.148732059,0.137577155,26894,40,81,"Woodside",0,0,0.530626684,0.391847397,0.187760211,0,0.092519524,0,0.840839207,0.476203434,0.367356935
"41",41,"QN76",81,"Baisley Park",0,0,0,0.449117077,0.010207206,0.020414413,0,0.010207206,0.377666633,0.071450444,0.469531489,9797,41,81,"Baisley Park",0,0,0,0.063813077,0,0,0,0,0.063813077,0.088356568,0.721578637
"42",42,"QN01",81,"South Jamaica",0,0,0,0.698016165,0.293901543,0.110213079,0,0.110213079,0.293901543,0,0.036737693,2722,42,81,"South Jamaica",0,0,0,0,0.842062025,0,0.842062025,0,0,0,1.170671596
"43",43,"BX10",5,"Pelham Bay-Country Club-City Island",0,0,0,0.607584329,0.020951184,0.020951184,0.041902367,0.062853551,0.879949717,0.062853551,0.523779594,4773,43,5,"Pelham Bay-Country Club-City Island",0,0,0,0.7115562,0,0,0,0,0.579786533,0,2.688101199
"44",44,"BK34",47,"Sunset Park East",0,0.006383658,0.012767316,0.338333865,0.031918289,0.038301947,0,0.051069263,0.580912863,0.070220236,0.523459943,15665,44,47,"Sunset Park East",0,0.14912853,0.079224532,0.396122658,0.111846398,0.083884798,0.004660267,0,1.034579178,0,2.330133284
"45",45,"QN33",81,"Cambria Heights",0,0,0,0.278086763,0.22246941,0,0,0.055617353,0.389321468,0.055617353,0.389321468,1798,45,81,"Cambria Heights",0,0,0,0,1.0207145,0,0,0,1.0207145,0,1.140798559
"46",46,"QN70",81,"Astoria",0.001116308,0.000558154,0.014512006,0.314240743,0.037954477,0.028465858,0.00279077,0.037954477,0.482803273,0.262332414,0.137864056,179162,46,81,"Astoria",0,0.00177807,0.13379978,0.529864911,0.141356579,0.00177807,0.042229167,0.00177807,0.54097785,0.825469077,0.602321271
"47",47,"QN34",81,"Queens Village",0,0,0,0.441208912,0.066181337,0.022060446,0,0.044120891,0.639752923,0.110302228,0.397088021,4533,47,81,"Queens Village",0,0,0.075803517,1.425106125,0,0,0,0,1.455427532,0,1.576713159
"48",48,"QN66",81,"Laurelton",0,0.018284878,0,0.365697568,0.018284878,0.054854635,0,0,0.658255623,0.091424392,0.34741269,5469,48,81,"Laurelton",0,0,0,0,0,0,0,0,2.23830735,0,1.659242762
"49",49,"BK45",47,"Georgetown-Marine Park-Bergen Beach-Mill Basin",0,0,0,0.356506239,0,0,0,0,1.069518717,0.178253119,0.178253119,561,49,47,"Georgetown-Marine Park-Bergen Beach-Mill Basin",0,0,0,0,0,0,0,0,0,0,0.947368421
"50",50,"BK43",47,"Midwood",0.013462574,0,0,0.323101777,0.080775444,0.026925148,0.026925148,0.026925148,0.538502962,0.094238018,0.282714055,7428,50,47,"Midwood",0,0.028579594,0,0.238163285,0.076212251,0.219110222,0.019053063,0,0.847861294,0,1.152710298
"51",51,"BK26",47,"Gravesend",0.033311126,0,0,0.366422385,0.066622252,0,0,0.033311126,0.266489007,0.033311126,0.299800133,3002,51,47,"Gravesend",0,0,0,0.940070505,0.188014101,0,0,0,0.188014101,0,0.188014101
"52",52,"BK29",47,"Bensonhurst East",0,0,0,0.274833137,0,0.078523753,0,0.078523753,0.628190027,0.157047507,0.11778563,2547,52,47,"Bensonhurst East",0,0,1.756652028,1.188323431,0.361663653,0,0,0,0.439163007,0,1.239989667
"53",53,"SI12",85,"Mariner's Harbor-Arlington-Port Ivory-Graniteville",0,0,0,0.307557118,0.021968366,0,0,0.021968366,0.241652021,0.087873462,0.329525483,4552,53,85,"Mariner's Harbor-Arlington-Port Ivory-Graniteville",0,0.01668335,0,0.25025025,0.1001001,0,0,0,0,0.1001001,2.836169503
"54",54,"SI28",85,"Port Richmond",0,0,0,0.704225352,0,0,0,0,1.408450704,0,0.704225352,142,54,85,"Port Richmond",0,4.712041885,0,0,0,0,0,0,5.235602094,0,0
"55",55,"BK19",47,"Brighton Beach",0.014037058,0,0,0.252667041,0.056148231,0.014037058,0,0,0.238629983,0.042111173,0.252667041,7124,55,47,"Brighton Beach",0,0.120402802,0,0.777145359,0.262697023,0,0.032837128,0,1.258756567,0,1.193082312
"56",56,"SI48",85,"Arden Heights",0,0,0,0,0,0,0,0,0,0,0,0,56,85,"Arden Heights",0,0,0,0,0,0,0,0,0,0,0
"57",57,"BK85",47,"East New York (Pennsylvania Ave)",0,0,0,0.290324759,0.054013909,0.020255216,0.006751739,0.027006954,0.28357302,0.087772601,0.081020863,14811,57,47,"East New York (Pennsylvania Ave)",0,0.383357763,0,2.142293381,0.462284361,0,0,0,0.817454053,0.360807306,0.197316496
"58",58,"QN56",81,"Ozone Park",0,0,0.025529742,0.35741639,0,0.102118969,0.025529742,0.025529742,0.434005617,0.229767679,0.178708195,3917,58,81,"Ozone Park",0,0,0,0.475017593,0,0,0,0,0.967628431,0,2.076002815
"59",59,"BK60",47,"Prospect Lefferts Gardens-Wingate",0.001603618,0.009621707,0.023252458,0.301480139,0.041694062,0.025657884,0.001603618,0.046504915,0.347985054,0.163569012,0.941323626,124718,59,47,"Prospect Lefferts Gardens-Wingate",0,0.594690661,0.01864234,0.379060923,0.259749944,0.127389327,0.044120206,0.003107057,0.471029803,0.530685292,3.96460441
"60",60,"BK90",47,"East Williamsburg",0.011957908,0,0.001771542,0.270603033,0.135965845,0.023472931,0.008414824,0.052260488,0.400811366,0.462372449,0.098320578,225792,60,47,"East Williamsburg",0.021931559,0.09096204,0.000719068,0.387936923,0.821534634,0.021212492,0.267133581,0.012224148,0.691742948,1.142238745,0.458765073
"61",61,"BK72",47,"Williamsburg",0.005787037,0.005787037,0,0.289351852,0.063657407,0.023148148,0,0.05787037,0.295138889,0.318287037,0.069444444,17280,61,47,"Williamsburg",0.330346638,0.28961897,0,0.565662051,0.022626482,0,0,0,0.484206716,0.927685763,0.054303557
"62",62,"BK75",47,"Bedford",0.003404974,0.006128953,0.009874425,0.264566479,0.094317779,0.027580289,0.004426466,0.035411729,0.394295988,0.189997548,0.116109613,293688,62,47,"Bedford",0.015124017,0.34528416,0.022543346,0.437740415,0.356127795,0.015980093,0.044801333,0.003995023,0.587268431,0.750493671,0.316177562
"63",63,"BK81",47,"Brownsville",0,0,0,0.124921924,0.031230481,0,0,0.062460962,0.218613367,0.031230481,0.093691443,3202,63,47,"Brownsville",0,0,0,1.02108768,0,0.110987791,0,0.51054384,0.355160932,0,0
"64",64,"MN20",61,"Murray Hill-Kips Bay",0,0.002543537,0.001695691,0.228918319,0.068675496,0.012717684,0.016109067,0.038153053,0.382378377,0.223831245,0.118698387,117946,64,61,"Murray Hill-Kips Bay",0,0.095384887,0,0.250148447,0.350586838,0.013265448,0.264677271,0.017055576,0.579257893,0.479451189,1.003120539
"65",65,"BK35",47,"Stuyvesant Heights",0.002969888,0.018116319,0.009206654,0.261053182,0.081077951,0.024056095,0.002375911,0.036826615,0.374205926,0.173144488,0.113449733,336713,65,47,"Stuyvesant Heights",0.034728596,0.952307715,0.073922297,0.362169644,0.523161493,0.002728675,0.042418499,0.015627868,0.504556888,0.529859151,0.310820934
"66",66,"BK79",47,"Ocean Hill",0,0.005031953,0.003354635,0.310303762,0.053674164,0.045287576,0.005031953,0.021805129,0.325399621,0.078833929,0.122444187,59619,66,47,"Ocean Hill",0,0.408073717,0,0.37882112,0.333479596,0.114085125,0.386134269,0.016088928,0.234020769,0.22817025,0.91414363
"67",67,"BK61",47,"Crown Heights North",0.001918306,0.017904187,0.016625317,0.263767041,0.071616748,0.022699951,0.0054352,0.031652045,0.360321764,0.184796787,0.201102386,312776,67,47,"Crown Heights North",0.005117995,0.47725307,0.160449155,0.506169743,0.442706601,0.038640865,0.083167425,0.043758861,0.644099719,0.764372611,1.170229644
"68",68,"MN21",61,"Gramercy",0.000954508,0.009545081,0.004772541,0.287306951,0.061088521,0.011454098,0.01527213,0.039134834,0.443846286,0.290170475,0.204264742,104766,68,61,"Gramercy",0,0.191059985,0,0.558054372,0.775385105,0,0.222903316,0.001592167,0.577160371,0.663137364,1.676551367
"69",69,"BK63",47,"Crown Heights South",0.010155635,0.002538909,0.02031127,0.279279965,0.053317084,0.04062254,0.010155635,0.043161449,0.276741057,0.246274151,0.33259705,39387,69,47,"Crown Heights South",0.024901284,0.281028779,0.115613105,0.382412579,0.110277116,0.016007968,0.003557326,0,0.373519263,1.668386041,1.855145673
"70",70,"BK96",47,"Rugby-Remsen Village",0,0,0.008943744,0.357749754,0.062606207,0.044718719,0,0.062606207,0.277256059,0.071549951,0.23253734,11181,70,47,"Rugby-Remsen Village",0,0,0,0.605723812,0.061128091,0.044456794,0,0,1.428174493,0.727979994,0.305640456
"71",71,"BX07",5,"Bronxdale",0,0,0,0.145102781,0.024183797,0.072551391,0,0.024183797,0.556227328,0.145102781,0.411124547,4135,71,5,"Bronxdale",0,0,0,0,0,0,0,0,0,0,2.936422414
"72",72,"BX44",5,"Williamsbridge-Olinville",0,0,0,0.471581037,0.049640109,0.049640109,0,0.024820055,0.521221147,0.049640109,0.32266071,4029,72,5,"Williamsbridge-Olinville",0,0,0,0.069434801,0,0,0,0,0.777669768,0,1.860852659
"73",73,"BX03",5,"Eastchester-Edenwald-Baychester",0,0,0,0.52687039,0.052687039,0.052687039,0,0.052687039,1.317175975,0.105374078,0.368809273,1898,73,5,"Eastchester-Edenwald-Baychester",0,0,0,0.795593635,0,0,0,0,1.52998776,2.172582619,0
"74",74,"BX31",5,"Allerton-Pelham Gardens",0,0,0.01185677,0.248992175,0.047427081,0.01185677,0.01185677,0.01185677,0.711406213,0.130424472,0.438700498,8434,74,5,"Allerton-Pelham Gardens",0,0,0,0.604764363,0,0.066376576,0,0,1.526661258,0,0.346633233
"75",75,"BK93",47,"Starrett City",0,0,0,0,0,0,0,0,0,0,0,0,75,47,"Starrett City",0,0,0,0,0,0,0,0,0,0,0
"76",76,"QN31",81,"Hunters Point-Sunnyside-West Maspeth",0,0.008354064,0.008354064,0.245980767,0.047339695,0.021349274,0.012066981,0.027846879,0.420487877,0.17450711,0.139234396,107732,76,81,"Hunters Point-Sunnyside-West Maspeth",0,0.353685373,0.024692613,0.689940665,0.147429426,0.059552773,0.077709106,0,1.021112184,0.290501333,0.382009252
"77",77,"QN62",81,"Queensboro Hill",0,0,0,0.273522976,0,0.03646973,0,0.018234865,0.692924872,0.045587163,0.501458789,10968,77,81,"Queensboro Hill",0,0,0,0.147937099,0,0.339707413,0,0,0.460248753,0,0.219166073
"78",78,"BK91",47,"East Flatbush-Farragut",0,0,0,0.374989099,0.104648121,0.02616203,0,0.043603384,0.383709776,0.113368797,0.331385716,11467,78,47,"East Flatbush-Farragut",0,0.189602446,0.048929664,1.308868502,0.819571865,0.006116208,0,0,0.568807339,0.691131498,1.259938838
"79",79,"SI07",85,"Westerleigh",0,0,0,0.232738557,0,0,0,0,0.620636152,0.077579519,0.465477114,1289,79,85,"Westerleigh",0,0,0,0,0,0,0,0,0,0,0
"80",80,"QN45",81,"Douglas Manor-Douglaston-Little Neck",0,0,0,0,0,0,0,0,0,5.555555556,0,18,80,81,"Douglas Manor-Douglaston-Little Neck",0,0,0,0,0,0,0,0,3.448275862,0,0
"81",81,"BK78",47,"Bushwick South",0.009140857,0.001305837,0.006529184,0.31470666,0.091408573,0.029381327,0.003264592,0.035257593,0.286957629,0.251700036,0.093367329,306317,81,47,"Bushwick South",0.10446672,0.06964448,0.035078286,0.52745452,0.313400161,0.054281727,0.091152334,0.029701322,0.530271025,0.798351065,0.233001754
"82",82,"BK77",47,"Bushwick North",0.017691429,0.000536104,0.009649871,0.332384429,0.056290911,0.027877404,0.004288831,0.039135586,0.268588063,0.407975082,0.077198964,186531,82,47,"Bushwick North",0.046726403,0.008638495,0.04437045,0.333367364,0.343969153,0.0066752,0.007067859,0.173555212,0.512027141,1.093162239,0.325906846
"83",83,"QN20",81,"Ridgewood",0.001582178,0.001582178,0.001582178,0.275299032,0.050629707,0.052211885,0.001582178,0.033225745,0.447756471,0.161382191,0.129738624,63204,83,81,"Ridgewood",0,0.1125634,0.017215579,0.372121357,0.091374995,0.050322461,0,0.086077894,0.801186551,0.405228239,0.145670282
"84",84,"QN43",81,"Bellerose",0,0,0,0.167644593,0,0.083822297,0.167644593,0,0.50293378,0.335289187,1.089689858,1193,84,81,"Bellerose",0,0,0,0,0,0,0.563813429,0,0,0,1.742696053
"85",85,"QN44",81,"Glen Oaks-Floral Park-New Hyde Park",0,0,0,1.030927835,0,0,0,0,0.343642612,0,0,291,85,81,"Glen Oaks-Floral Park-New Hyde Park",0,0,0,0,0,0,0,0,0,0,0
"86",86,"BX41",5,"Mount Hope",0,0,0,0.401069519,0.04456328,0,0,0,0.401069519,0.980392157,0.222816399,2244,86,5,"Mount Hope",0,0,0,2.253252936,0.761662964,0.571247223,0,0,0,0,0
"87",87,"BK46",47,"Ocean Parkway South",0,0,0,0.209863589,0,0,0,0,0.629590766,0,0.314795383,953,87,47,"Ocean Parkway South",0,0,0,0.064766839,0.064766839,0,0,0,0.453367876,0,0.712435233
"88",88,"QN22",81,"Flushing",0,0,0.009488116,0.327340007,0.02372029,0.066416813,0.004744058,0.042696523,0.360548413,0.042696523,0.232458845,21079,88,81,"Flushing",0,0,0,0.412146191,0.039396327,0.139402388,0,0,0.484877871,0.00909146,1.00006061
"89",89,"SI22",85,"West New Brighton-New Brighton-St. George",0,0.063417728,0,0.263427484,0.019513147,0.053661154,0.01463486,0.034148007,0.400019513,0.068296014,0.307332065,20499,89,85,"West New Brighton-New Brighton-St. George",0,1.851575889,0,0.324118918,0,0,0,0.00745101,0.3874525,0.108039639,1.005886298
"90",90,"MN27",61,"Chinatown",0.004854015,0.005894162,0.004854015,0.285346767,0.052354024,0.017682485,0.005894162,0.062755486,0.294014652,0.653905229,0.040218985,288421,90,61,"Chinatown",0.002138632,0.23188884,0.00824901,0.455223151,0.428948526,0.00549934,0.147565625,0.024135993,0.484552965,1.337867234,0.306740969
"91",91,"MN50",61,"Stuyvesant Town-Cooper Village",0,0,0,0.448913629,0.125695816,0.03591309,0,0.03591309,0.538696355,0.59256599,0.071826181,5569,91,61,"Stuyvesant Town-Cooper Village",0,0.040816327,0,0.734693878,0.013605442,0,0.013605442,0.027210884,1.183673469,0.571428571,0.367346939
"92",92,"BX22",5,"North Riverdale-Fieldston-Riverdale",0,0,0,0.425861401,0.038714673,0,0.038714673,0,0.696864111,0.116144019,0.619434766,2583,92,5,"North Riverdale-Fieldston-Riverdale",0,0,0,0.535714286,0,0,0,0,2.03125,0.446428571,1.919642857
"93",93,"BX29",5,"Spuyten Duyvil-Kingsbridge",0,0,0,0.26931493,0.100993099,0.050496549,0.016832183,0.033664366,0.908937889,0.117825282,0.437636761,5941,93,5,"Spuyten Duyvil-Kingsbridge",0,0,0,0.010687186,0,0,0,0,0.05343593,0.042748744,0.267179652
"94",94,"BK42",47,"Flatbush",0.002210995,0.013265972,0.016582465,0.304011851,0.033164929,0.026531943,0.006632986,0.045325403,0.417878108,0.240998485,0.442199056,90457,94,47,"Flatbush",0,0.319987136,0.110950314,0.598166908,0.046631291,0.02894356,0,0.004019939,0.360186525,0.683389612,2.586428686
"95",95,"BX62",5,"Woodlawn-Wakefield",0,0,0,0.78394481,0.094073377,0.062715585,0.031357792,0.031357792,0.846660395,0.156788962,0.407651301,3189,95,5,"Woodlawn-Wakefield",0,0.132600871,0,0,0.530403486,0,0,0,1.40178064,0,0.530403486
"96",96,"SI25",85,"Oakwood-Oakwood Beach",0,0,0,0.339126749,0.042390844,0,0,0.042390844,0.678253497,0.084781687,0.296735905,2359,96,85,"Oakwood-Oakwood Beach",0,0,0,0.056211355,0,0,0,0,0.056211355,0,0.224845419
"97",97,"BX30",5,"Kingsbridge Heights",0,0,0,0,0,0,0,0.100200401,0.200400802,0,0.400801603,998,97,5,"Kingsbridge Heights",0,0,0,0,0,0,0,0,1.267828843,3.169572108,0
"98",98,"BX36",5,"University Heights-Morris Heights",0,0,0,0.247622821,0,0.118858954,0.009904913,0.049524564,0.227812995,0.237717908,0.079239303,10096,98,5,"University Heights-Morris Heights",0,0,0,0.957385546,0,0,0,0,2.029945292,0,0.115174201
"99",99,"BX34",5,"Melrose South-Mott Haven North",0,0.031989763,0,0.19193858,0,0,0,0.031989763,0.255918106,0,0.255918106,3126,99,5,"Melrose South-Mott Haven North",0,1.592531576,0,0.439319055,0,0,0,0.027457441,0,0,0
"100",100,"QN10",81,"Breezy Point-Belle Harbor-Rockaway Park-Broad Channel",0.10384216,0,0,0.31152648,0,0,0,0,0.20768432,0.20768432,0.10384216,963,100,81,"Breezy Point-Belle Harbor-Rockaway Park-Broad Channel",0,0,0,0.255918106,0,0,0,0,0,1.85540627,0.703774792
"101",101,"QN12",81,"Hammels-Arverne-Edgemere",0.008713838,0,0.004356919,0.387765772,0.069710701,0.008713838,0,0.03485535,0.387765772,0.130707564,0.169919833,22952,101,81,"Hammels-Arverne-Edgemere",0,0,0,0.591501064,0.002594303,0,0.14268666,0,0.212732839,0.207544233,0.542209308
"102",102,"BX17",5,"East Tremont",0,0,0,0.425531915,0,0.141843972,0,0,0.283687943,0.283687943,0.141843972,705,102,5,"East Tremont",0,0,0,0,0,0,0,0,0.1001001,0,0.4004004
"103",103,"BX37",5,"Van Nest-Morris Park-Westchester Square",0,0,0,0.135869565,0,0.407608696,0,0,0.543478261,0.135869565,0.27173913,736,103,5,"Van Nest-Morris Park-Westchester Square",0,0,0,2.624179944,0,0,0,0,0.749765698,0,0
"104",104,"QN17",81,"Forest Hills",0,0,0,0.271866994,0.03659748,0.015684634,0.03659748,0.041825691,0.711036754,0.094107806,0.277095206,19127,104,81,"Forest Hills",0,0.223892532,0.092755477,0.674876059,0.076763154,0.073564689,0,0.003198465,1.081081081,0.041580042,1.723972493
"105",105,"QN60",81,"Kew Gardens",0,0,0.048473097,0.436257877,0.242365487,0,0,0,0.484730974,0.096946195,0.290838585,2063,105,81,"Kew Gardens",0,0,0,0,0,0,0.639269406,0.913242009,0,0.334855403,0.273972603
"106",106,"BK68",47,"Fort Greene",0.001794092,0.020632059,0.007176368,0.348950905,0.048440485,0.00897046,0.01345569,0.037675933,0.509522144,0.38842093,0.377656378,111477,106,47,"Fort Greene",0.001673444,0.677744867,0.080325318,0.590725773,0.221731345,0.000836722,0.00418361,0,0.784008568,1.059290125,1.265123751
"107",107,"BX01",5,"Claremont-Bathgate",0,0,0,0,0,0,0,0,0.309597523,0,0.619195046,323,107,5,"Claremont-Bathgate",0,0.425531915,0,0,0,0,0,0,0,0,3.829787234
"108",108,"BX40",5,"Fordham South",0,0,0,0,0,0,0,0,0,0.289017341,1.156069364,346,108,5,"Fordham South",0,0,0,0,0,0,0,0,0,1.996672213,0
"109",109,"MN34",61,"East Harlem North",0,0.005018411,0.009409521,0.219555494,0.032619673,0.030110468,0.006273014,0.027601262,0.242138345,0.14678853,0.307377692,159413,109,61,"East Harlem North",0,0.159934703,0.0534954,0.666210761,0.352959343,0.006617988,0.08051885,0,0.564183451,0.218945093,1.58059606
"110",110,"MN31",61,"Lenox Hill-Roosevelt Island",0,0.007245899,0,0.319478295,0.039523088,0.016467953,0.007904618,0.035570779,0.496673473,0.221329293,0.619853765,151810,110,61,"Lenox Hill-Roosevelt Island",0,0.09500919,0.000565531,0.645270748,0.186625194,0.000565531,0.077477732,0.022621236,0.848861869,0.601724869,2.07945709
"111",111,"QN68",81,"Queensbridge-Ravenswood-Long Island City",0,0,0.002959981,0.216078617,0.05623964,0.038479754,0.005919962,0.020719867,0.399597443,0.210158655,0.198318731,33784,111,81,"Queensbridge-Ravenswood-Long Island City",0,0,0.035990642,1.077148513,0.370189465,0.030849122,0.043702923,0.043702923,0.545001157,0.321345022,1.647857271
"112",112,"BX39",5,"Mott Haven-Port Morris",0,0.03139295,0.004484707,0.287021258,0.053816486,0.049331779,0,0.026908243,0.278051843,0.121087093,0.174903579,22298,112,5,"Mott Haven-Port Morris",0,0.649013499,0,0.333160263,0.01298027,0,0.121149187,0,0.5192108,0.55815161,0.657667013
"113",113,"QN72",81,"Steinway",0,0,0.015852131,0.359843381,0.057067673,0.026948623,0,0.053897246,0.529461186,0.266315806,0.269486232,63083,113,81,"Steinway",0,0.007509279,0.108348173,0.566414212,0.441974726,0.010727542,0,0,0.964406016,1.042717072,1.401016971
"114",114,"QN42",81,"Oakland Gardens",0,0,0,0.102040816,0.102040816,0,0,0,1.020408163,0.102040816,0.612244898,980,114,81,"Oakland Gardens",0,0,0,0,1.140684411,0,0,0,0,0,3.041825095
"115",115,"QN23",81,"College Point",0,0,0,0,0.201612903,0,0.201612903,0,1.411290323,0,0.201612903,496,115,81,"College Point",0,0,0,0,0,0,0,0,0,0,0.573065903
"116",116,"BX14",5,"East Concourse-Concourse Village",0,0,0,0.266928913,0.04214667,0.04214667,0.01404889,0.02809778,0.238831132,0.140488901,0.210733352,7118,116,5,"East Concourse-Concourse Village",0,0.137595258,1.682895851,0.624470787,0.074089754,0,0,0,0.095258256,0.010584251,0.148179509
"117",117,"BX49",5,"Pelham Parkway",0,0,0,0.432389937,0,0,0,0,0.393081761,0.117924528,0.314465409,2544,117,5,"Pelham Parkway",0,0,0,0.24230676,0,0,0.896535013,0,0.314998788,0,1.889992731
"118",118,"BX08",5,"West Farms-Bronx River",0,0,0,0.055788006,0,0.027894003,0,0,0.278940028,0.027894003,0.111576011,3585,118,5,"West Farms-Bronx River",0,0,0,0,0,0,0,0,0,0,0.280373832
"119",119,"BX46",5,"Parkchester",0,0,0,0.64516129,0,0,0,0.064516129,0.580645161,0.129032258,1.032258065,1550,119,5,"Parkchester",0,0,0,0,0,0,0,0,0,0,2.585278276
"120",120,"BX55",5,"Soundview-Bruckner",0,0,0,0.236127509,0,0,0,0,0.236127509,0.236127509,0.236127509,847,120,5,"Soundview-Bruckner",0,0,1.464035646,0,1.591343094,0,0,0,0,0,0.063653724
"121",121,"BX05",5,"Bedford Park-Fordham North",0,0,0,0.36809816,0.040899796,0,0,0,0.204498978,0.163599182,0.204498978,2445,121,5,"Bedford Park-Fordham North",0,0,0,0.175182482,0.145985401,0,0,0,0.02919708,0.116788321,0.262773723
"122",122,"BX43",5,"Norwood",0,0.04014452,0.200722601,0.321156162,0,0,0,0,0.401445203,0.04014452,0.361300682,2491,122,5,"Norwood",0,0,0,0,0.07585335,0,0,0,0.733249052,0,1.972187105
"123",123,"BX27",5,"Hunts Point",0,0,0,0.306748466,0,0,0,0,0.306748466,0,0,326,123,5,"Hunts Point",0,0,0,2.375809935,0,0,0,0,2.375809935,0,0.863930886
"124",124,"BX75",5,"Crotona Park East",0,0,0,0,0,0,0,0,0,0,0,37,124,5,"Crotona Park East",0,0,0,0,0,0,0,0,4.545454545,0,0
"125",125,"SI08",85,"Grymes Hill-Clifton-Fox Hills",0,0.013008976,0.026017952,0.234161571,0.052035905,0,0,0.052035905,0.130089762,0.117080786,0.130089762,7687,125,85,"Grymes Hill-Clifton-Fox Hills",0,0.732271326,0,0,0,0,0,1.451695786,0.346865365,0.102774923,0.102774923
"126",126,"SI35",85,"New Brighton-Silver Lake",0,0.00694107,0.013882141,0.22905532,0.027764281,0.041646422,0,0.055528563,0.333171375,0.117998195,0.22211425,14407,126,85,"New Brighton-Silver Lake",0,0.238993043,0,0.339901216,0,0,0,0,0,0.244303999,2.496149557
"127",127,"BX13",5,"Co-op City",0,0,0,0.496277916,0,0,0,0,0.794044665,0.049627792,0.297766749,2015,127,5,"Co-op City",0,0,0.463070155,0.902986803,0,0,0,0,2.500578838,0,0.463070155
"128",128,"BK64",47,"Prospect Heights",0.002942503,0.010789179,0.006865841,0.263844479,0.102987622,0.013731683,0.003923338,0.043156718,0.513957275,0.321713714,0.567903172,101954,128,47,"Prospect Heights",0.020443085,0.377061344,0.155216015,0.392961522,0.489119736,0.009085816,0.074957978,0,0.601178127,1.128155428,1.659675636
"129",129,"BK30",47,"Dyker Heights",0,0,0,0.478898533,0.119724633,0.059862317,0,0.029931158,0.448967375,0.089793475,0.059862317,3341,129,47,"Dyker Heights",0,0,0,0.339054885,0.678109769,0,0,0,2.055520237,0,0.805255351
"130",130,"QN15",81,"Far Rockaway-Bayswater",0,0,0,0.355677155,0.054719562,0,0,0,0.49247606,0.027359781,0.136798906,3655,130,81,"Far Rockaway-Bayswater",0,0,0,0,0.134125311,0,0,0,0.93887718,0,0.383215175
"131",131,"QN50",81,"Elmhurst-Maspeth",0,0,0.051177073,0.255885363,0.030706244,0.010235415,0,0.061412487,0.593654043,0.122824974,0.204708291,9770,131,81,"Elmhurst-Maspeth",0,0,0.266117263,0.472143532,0.386299253,0.008584428,0,0,0.892780496,0,0
"132",132,"QN57",81,"Lindenwood-Howard Beach",0,0,0,0,0,0,0,0,0,0,0,0,132,81,"Lindenwood-Howard Beach",0,0,0,0,0,0,0,0,0,0,0
"133",133,"QN28",81,"Jackson Heights",0,0.005628412,0.041275023,0.330200184,0.026265924,0.037522748,0.001876137,0.04315116,0.448396841,0.097559145,0.14446258,53301,133,81,"Jackson Heights",0,0.256790616,0.194462797,0.946136298,0.039889804,0,0,0,0.357761683,0.164545443,0.335323668
"134",134,"QN98",81,"Airport",0,0,0,0,0,0,0,0,0,0,0,0,134,81,"Airport",0,0,0,0,0,0,0,0,0,0,0
"135",135,"QN53",81,"Woodhaven",0,0,0,0.310077519,0.020671835,0.056847545,0.005167959,0.005167959,0.568475452,0.118863049,0.211886305,19350,135,81,"Woodhaven",0,0.006683375,0,0.912280702,0,0,0,0.15037594,1.216374269,0,0.140350877
"136",136,"BK73",47,"North Side-South Side",0.018123346,0.001664389,0.002589049,0.262233721,0.10559623,0.011650722,0.009801401,0.042349451,0.306432493,0.62544037,0.106151027,540739,136,47,"North Side-South Side",0.068112124,0.106881301,0.014443419,0.501566731,0.405023877,0.000152036,0.097607106,0.000152036,0.585338561,1.023202212,0.419771368
"137",137,"MN04",61,"Hamilton Heights",0.001496939,0.027942857,0.010478571,0.261465303,0.041415306,0.034429591,0.010478571,0.034928571,0.356770405,0.243003059,0.150192856,200409,137,61,"Hamilton Heights",0,1.051114994,0.017113951,0.50346856,0.215317384,0.02785992,0.141687595,0.048555861,1.017285091,0.440982739,0.829827627
"138",138,"MN03",61,"Central Harlem North-Polo Grounds",0.000895712,0.017914245,0.007613554,0.24542515,0.041202762,0.027319223,0.008957122,0.027319223,0.293345754,0.175559596,0.12674328,223286,138,61,"Central Harlem North-Polo Grounds",0,0.774172714,0.115148631,0.381987525,0.308904261,0.021670038,0.055662253,0.03314241,0.57021942,0.192480922,0.811564152
"139",139,"SI24",85,"Todt Hill-Emerson Hill-Heartland Village-Lighthouse Hill",0,0,0,0.210674157,0,0,0,0,0.351123596,0,0.491573034,1424,139,85,"Todt Hill-Emerson Hill-Heartland Village-Lighthouse Hill",0,1.242750621,0,1.698425849,0,0,0.165700083,0,0,0,0
"140",140,"BK21",47,"Seagate-Coney Island",0,0,0,0.164068909,0.164068909,0,0.041017227,0.082034454,0.574241181,0.041017227,0.328137818,2438,140,47,"Seagate-Coney Island",0,0,0,0.037411149,0,0,0,0,0.149644594,0,0.336700337
"141",141,"BK23",47,"West Brighton",0,0.056306306,0,0.168918919,0.337837838,0.056306306,0,0.056306306,0.281531532,0,0.619369369,1776,141,47,"West Brighton",0,0,0,0,0,0,0,0,0,0,0
"142",142,"QN19",81,"Glendale",0,0,0,1.405152225,0,0.234192037,0,0,0.234192037,0,0.234192037,427,142,81,"Glendale",0.104275287,0,0,0.417101147,0.104275287,0,0,0,0,1.876955162,2.085505735
"143",143,"MN01",61,"Marble Hill-Inwood",0,0.006775527,0.006775527,0.311674233,0.013551054,0.027102107,0.006775527,0.044040924,0.325225286,0.098245139,0.321837523,29518,143,61,"Marble Hill-Inwood",0,0.036639623,0.157026956,0.641193405,0.201517927,0.060193667,0.057576551,0,0.672598796,0.259094478,1.818895577
"144",144,"BX06",5,"Belmont",0,0,0,1.363636364,0,0,0,0,0.909090909,0,0.454545455,220,144,5,"Belmont",0,0,0,4.166666667,0,0,0,0,0,0,0
"145",145,"MN11",61,"Central Harlem South",0.0009374,0.019685408,0.004687002,0.244192805,0.064211927,0.014529706,0.010780105,0.043120418,0.329027541,0.200134986,0.695551098,213356,145,61,"Central Harlem South",0,0.545557659,0.027557451,0.321503598,0.243623845,0.003993834,0.155360124,0.127802673,0.252410279,0.373822818,2.399894563
"146",146,"MN40",61,"Upper East Side-Carnegie Hill",0,0.003139323,0.001569662,0.276260438,0.050229171,0.004708985,0.006278646,0.050229171,0.389276072,0.167953789,1.252589942,63708,146,61,"Upper East Side-Carnegie Hill",0,0.048656816,0,0.576199134,0.33035417,0.017926195,0.212553458,0.016645753,0.647903916,0.140848677,3.411098876
"147",147,"MN14",61,"Lincoln Square",0,0.005635073,0.000939179,0.29302378,0.050715654,0.009391788,0.010330967,0.037567151,0.538149442,0.191592472,1.297945077,106476,147,61,"Lincoln Square",0,0.0144008,0,0.648883091,0.155020373,0,0.315970487,0,0.71665156,0.2456607,3.270675736
"148",148,"BX28",5,"Van Cortlandt Village",0,0.060716454,0,0.303582271,0,0,0,0.060716454,0.485731633,0.060716454,0.060716454,1647,148,5,"Van Cortlandt Village",0,0,0,0.179662235,0,0,0,0,0,0.107797341,1.257635645
"149",149,"MN09",61,"Morningside Heights",0,0.000911369,0.006379585,0.324447482,0.037366143,0.030075188,0.006379585,0.042834359,0.435634541,0.153110048,0.876737298,109725,149,61,"Morningside Heights",0,0.068087904,0.008608815,0.543920611,0.122871275,0.047739795,0.079827198,0.003130478,0.895316804,0.5274856,2.755603556
"150",150,"MN12",61,"Upper West Side",0,0.006344641,0.00211488,0.288469673,0.050757127,0.013112258,0.007190593,0.040182726,0.539717452,0.216140766,1.348024702,236420,150,61,"Upper West Side",0,0.198389228,0,0.483299142,0.253140599,0.052385571,0.151749171,0.006083486,0.847970313,0.401172085,3.905259849
"151",151,"MN22",61,"East Village",0.002145212,0.00381371,0.004052067,0.326548902,0.043857663,0.015016482,0.006673992,0.050293298,0.405683381,0.703867817,0.09653453,419539,151,61,"East Village",0,0.066988783,0.024229985,0.643621711,0.366300366,0.040519051,0.118095727,0.080630876,0.917278016,1.232471438,0.66439027
"152",152,"MN28",61,"Lower East Side",0.001521028,0.002281542,0.005323599,0.296600502,0.049433417,0.024716708,0.006084113,0.033842878,0.375313712,0.665069587,0.118259944,262980,152,61,"Lower East Side",0,0.178115104,0.038547299,0.715451153,0.289769348,0.032233517,0.075100771,0.037218081,0.770945971,1.279039242,1.171704954
"153",153,"MN35",61,"Washington Heights North",0.002065561,0.008262244,0.002065561,0.264391796,0.04544234,0.018590048,0,0.047507901,0.394522132,0.712618512,0.280916283,48413,153,61,"Washington Heights North",0.051191295,0.016088693,0.030714777,0.731304208,0.343712978,0.043878252,0.019013909,0.021939126,1.275394539,0.466572085,1.524037969
"154",154,"MN36",61,"Washington Heights South",0,0.014600215,0.00834298,0.334762069,0.03754341,0.03337192,0.007300107,0.026071812,0.324333344,0.094901396,0.122016081,95889,154,61,"Washington Heights South",0,0.268440145,0.030632809,0.311970979,0.308746473,0.038694075,0.008061266,0.007255139,0.635227731,0.187827489,1.263200322
"155",155,"BX26",5,"Highbridge",0,0,0,0.241954996,0,0.048390999,0.0241955,0,0.362932495,0.048390999,0.193563997,4133,155,5,"Highbridge",0,0,0,0.099075297,0,0,0,0,0,0.313738441,1.948480845
"156",156,"BX63",5,"West Concourse",0,0,0.013501654,0.310538041,0.020252481,0.040504962,0,0.054006616,0.317288868,0.108013232,0.13501654,14813,156,5,"West Concourse",0,0.117957258,1.006106023,0.978351374,1.380793783,0.097141271,0.131834582,0,0.43713572,0.020815987,1.470996392
"157",157,"BX09",5,"Soundview-Castle Hill-Clason Point-Harding Park",0,0,0,0.495785821,0.049578582,0.049578582,0,0.099157164,0.842835895,0,0.396628656,2017,157,5,"Soundview-Castle Hill-Clason Point-Harding Park",0,0,1.255766274,0.025627883,0.153767299,0,0,0,1.588928754,0,2.972834444
"158",158,"BX99",5,"park-cemetery-etc-Bronx",0,0,0,0.710594315,0.064599483,0.064599483,0,0,0.258397933,0,0.645994832,1548,158,5,"park-cemetery-etc-Bronx",0,0,0.34965035,3.391608392,0,0,0,0,0.48951049,0,0.34965035
"159",159,"QN99",81,"park-cemetery-etc-Queens",0,0,0,0,0,0,0,0,0,0,0,0,159,81,"park-cemetery-etc-Queens",0,0,0,0,0,0,0,0,0,0,0
"160",160,"SI36",85,"Old Town-Dongan Hills-South Beach",0,0,0,0.328587076,0,0,0,0.21905805,0.657174151,0,0.328587076,913,160,85,"Old Town-Dongan Hills-South Beach",0,0,0,0.789473684,0,0,0,0,0,0,0.328947368
"161",161,"QN03",81,"Springfield Gardens South-Brookville",0,0,0,0.553385417,0.016276042,0.032552083,0,0,0.455729167,0.048828125,0.130208333,6144,161,81,"Springfield Gardens South-Brookville",0,0,0,0.740601856,0,0,0,0,0.928095997,0,2.212430862
"162",162,"QN05",81,"Rosedale",0,0,0.044863167,0.807537012,0.089726335,0.044863167,0,0,0.403768506,0,0.403768506,2229,162,81,"Rosedale",0,0,0,0,0,0,0,0,0,0,0.544323484
"163",163,"SI01",85,"Annadale-Huguenot-Prince's Bay-Eltingville",0,0,0,0.291757841,0,0.07293946,0,0,0.875273523,0,0.291757841,1371,163,85,"Annadale-Huguenot-Prince's Bay-Eltingville",0,0,0,0,0,0,0,0,0,0,0
"164",164,"SI54",85,"Great Kills",0,0,0,0.202020202,0,0.080808081,0,0,0.606060606,0,0.202020202,2475,164,85,"Great Kills",0,0,0,0.728332119,0,0,0,0,0,0,0.825443069
"165",165,"BK50",47,"Canarsie",0,0,0.009005358,0.355711648,0.027016075,0.040524112,0,0.018010716,0.477283984,0.085550903,0.279166104,22209,165,47,"Canarsie",0,0,0,0.244465103,0.502702889,0,0.099851944,0,0.130840478,0.068863409,0.736838481
"166",166,"BK58",47,"Flatlands",0,0,0,0.425079702,0.070846617,0.023615539,0,0.01180777,0.448695241,0.070846617,0.283386468,8469,166,47,"Flatlands",0,0.532701983,0,0.394594061,0,0,0,0,0.029594555,0,1.815132682
"167",167,"BK33",47,"Carroll Gardens-Columbia Street-Red Hook",0.003837593,0.008954384,0.001279198,0.322357817,0.070355873,0.019187965,0.001279198,0.046051117,0.488653517,0.387596899,0.216184409,78174,167,47,"Carroll Gardens-Columbia Street-Red Hook",0,0.475465293,0.010462561,0.511503005,0.353402076,0.182513572,0.012787575,0.054637821,0.841654945,1.203194569,0.919542902
"168",168,"SI14",85,"Grasmere-Arrochar-Ft. Wadsworth",0,0,0,0.221238938,0.055309735,0,0,0.055309735,0.995575221,0.110619469,0.165929204,1808,168,85,"Grasmere-Arrochar-Ft. Wadsworth",0,0,0,0,0,0,0,0,0.361336947,0,0
"169",169,"SI37",85,"Stapleton-Rosebank",0,0.021290185,0,0.361933149,0.04258037,0.063870556,0.010645093,0.04258037,0.553544816,0.127741111,0.606770279,9394,169,85,"Stapleton-Rosebank",0,0.264410365,0,0,0.0831004,0,0.022663746,0,0.642139458,0.664803203,1.155851024
"170",170,"QN71",81,"Old Astoria",0,0.005928209,0.005928209,0.355692563,0.038533361,0.032605152,0.002964105,0.029641047,0.518718321,0.237128375,0.151169339,33737,170,81,"Old Astoria",0,0.011718109,0.004687244,1.042911716,0.199207856,0,0.046872437,0.128899201,0.264829267,1.113220371,1.040568094
"171",171,"BK32",47,"Sunset Park West",0,0.002693748,0.018856235,0.290924764,0.045793713,0.035018722,0.013468739,0.056568704,0.390593433,0.134687391,0.355574711,37123,171,47,"Sunset Park West",0,0.32677761,0.010085729,1.147755925,0.024205749,0.002017146,0,0,1.466464952,0.639435199,3.049924357
"172",172,"BK37",47,"Park Slope-Gowanus",0.000862206,0.017675233,0.004311032,0.290563581,0.065096589,0.0133642,0.005173239,0.04397253,0.53155029,0.315998672,1.282963231,231963,172,47,"Park Slope-Gowanus",0,0.299979819,0.050623732,0.542836913,0.340341984,0.024627762,0.019154926,0.079014069,0.652635684,1.045995765,4.170300972
"173",173,"QN37",81,"Kew Gardens Hills",0,0,0,0.242424242,0.060606061,0,0,0.060606061,1.212121212,0.181818182,0.787878788,1650,173,81,"Kew Gardens Hills",0,0,0,0,0,0,0,0,0.049212598,2.312992126,0.492125984
"174",174,"QN38",81,"Pomonok-Flushing Heights-Hillcrest",0,0,0,0.316224763,0.097299927,0.024324982,0.024324982,0.024324982,0.55947458,0.048649964,0.316224763,4111,174,81,"Pomonok-Flushing Heights-Hillcrest",0,0,0,0.065308255,0,0,0,0,1.071055381,0.026123302,1.18861024
"175",175,"QN21",81,"Middle Village",0,0,0,0.45475216,0.121267243,0.045475216,0,0.030316811,0.773078672,0.257692891,0.500227376,6597,175,81,"Middle Village",0,0,0,0.206088993,0.103044496,0,0,0,1.920374707,0,3.06323185
"176",176,"BK09",47,"Brooklyn Heights-Cobble Hill",0,0.048732943,0,0.251162093,0.01874344,0.003748688,0.003748688,0.041235568,0.509821562,0.142450142,0.198680462,26676,176,47,"Brooklyn Heights-Cobble Hill",0,1.59217283,0,0.498313634,0.322080763,0,0.012153991,0.209656346,1.343016013,0.549968096,1.163744645
"177",177,"BK38",47,"DUMBO-Vinegar Hill-Downtown Brooklyn-Boerum Hill",0.000874837,0.003499348,0.006123859,0.224833125,0.096232077,0.019246415,0.006998696,0.033243808,0.371805751,0.345560639,0.179341598,114307,177,47,"DUMBO-Vinegar Hill-Downtown Brooklyn-Boerum Hill",0.033517107,0.337907164,0,0.364584046,0.473343639,0.101235345,0.072506396,0.010260339,0.943267166,0.863236521,0.370056227
"178",178,"BK82",47,"East New York",0,0,0.005519678,0.25942485,0.077275487,0.027598388,0.005519678,0.027598388,0.358779047,0.110393553,0.209747751,18117,178,47,"East New York",0,0,0.004319654,0.457883369,0,0.047516199,0.11663067,0.177105832,1.196544276,0.267818575,0.250539957
"179",179,"BK83",47,"Cypress Hills-City Line",0.010964311,0,0.005482156,0.274107779,0.016446467,0.038375089,0,0.043857245,0.334411491,0.071268023,0.082232334,18241,179,47,"Cypress Hills-City Line",0,0.029148145,0,0.517379582,0.087444436,0.251402754,0,0,0.233185164,0.3206296,0.262333309
"180",180,"SI11",85,"Charleston-Richmond Valley-Tottenville",0,0,0,0.183823529,0,0,0,0.183823529,0.919117647,0,0,544,180,85,"Charleston-Richmond Valley-Tottenville",0,0,0,0,0,0,0,0,0.932400932,0,4.428904429
"181",181,"SI05",85,"New Springville-Bloomfield-Travis",0,0,0,0.061690315,0,0.246761258,0.061690315,0.061690315,1.110425663,0.123380629,0.123380629,1621,181,85,"New Springville-Bloomfield-Travis",0,0,0,0.036456435,0,0,0,0,0.036456435,0,0.036456435
"182",182,"SI32",85,"Rossville-Woodrow",0,0,0,0,0,0,0,0,0,0,0,0,182,85,"Rossville-Woodrow",0,0,0,0,0,0,0,0,0,0,0
"183",183,"BK31",47,"Bay Ridge",0,0.00567215,0.00567215,0.368689733,0.022688599,0.011344299,0.00567215,0.068065797,0.533182076,0.153148043,0.170164492,17630,183,47,"Bay Ridge",0,0.052578362,0.056622851,0.177957533,0,0.008088979,0,0.084934277,0.372093023,0.537917088,0.990899899
"184",184,"BK99",47,"park-cemetery-etc-Brooklyn",0,0,0,0,0,0,0,0,0,0,0,0,184,47,"park-cemetery-etc-Brooklyn",0,0,0,0,0,0,0,0,0,0,0
"185",185,"SI99",85,"park-cemetery-etc-Staten Island",0,0,0,0,0,0,0,0,0,0,0,0,185,85,"park-cemetery-etc-Staten Island",0,0,0,0,0,0,0,0,0,0,0
"186",186,"MN25",61,"Battery Park City-Lower Manhattan",0,0.027344818,0.007291952,0.162245921,0.116671224,0.018229879,0.03463677,0.045574697,0.293501048,0.169537873,0.189590739,54855,186,61,"Battery Park City-Lower Manhattan",0,0.271681789,0,0.323116691,0.383783499,0.081768306,1.073538721,0.05802912,0.098913273,0.193870015,0.824277274
"187",187,"MN24",61,"SoHo-TriBeCa-Civic Center-Little Italy",0.004341898,0.008249607,0.005210278,0.232291567,0.08466702,0.017367594,0.007815417,0.050366022,0.36471947,0.355167293,0.060786578,230314,187,61,"SoHo-TriBeCa-Civic Center-Little Italy",0,0.549858286,0,0.385750759,0.364501777,0.016345371,0.069958189,0.024191149,0.786212353,0.543973952,0.22327777
"188",188,"MN23",61,"West Village",0.000641488,0.012509021,0.002886697,0.306310641,0.047470131,0.010584556,0.012829765,0.043300457,0.507096464,0.48817256,0.133750301,311775,188,61,"West Village",0,0.348488126,0,0.554257042,0.263806303,0,0.095761688,0.018202635,0.860272354,0.554257042,0.812523413
"189",189,"MN13",61,"Hudson Yards-Chelsea-Flatiron-Union Square",0.000309425,0.001856551,0.002165976,0.28157683,0.072714896,0.017946655,0.011139303,0.046413763,0.417414444,0.202364008,0.082616499,323180,189,61,"Hudson Yards-Chelsea-Flatiron-Union Square",0,0.12580816,0.003157348,0.501532528,0.334921722,0.023072925,0.186526383,0.018215467,0.885028829,0.303105373,0.620054501
"190",190,"MN15",61,"Clinton",0,0.000641525,0.002138415,0.240144044,0.069070816,0.016893481,0.008125978,0.037849952,0.363958292,0.219401415,0.338297308,467636,190,61,"Clinton",0,0.049113081,0.002418447,0.438111007,0.426018771,0.026788953,0.273098496,0.018975509,0.574288186,0.441273591,1.313030779
"191",191,"MN32",61,"Yorkville",0,0.00079164,0.003166561,0.367321089,0.033248892,0.018207726,0.012666244,0.030082331,0.563647878,0.288948702,0.656269791,126320,191,61,"Yorkville",0,0.038790237,0,0.640346772,0.259833017,0.033864493,0.123759328,0.004310026,0.983917445,1.102751028,2.666059158
"192",192,"MN33",61,"East Harlem South",0,0.000549916,0.004949243,0.246362307,0.035744531,0.018147223,0.004949243,0.028595625,0.232064494,0.132529723,0.846320513,181846,192,61,"East Harlem South",0,0.014992223,0.111973164,0.557054778,0.133524484,0.114784206,0.068870523,0,0.273139559,0.285789247,3.127752478
"193",193,"MN99",61,"park-cemetery-etc-Manhattan",0,0,0,0.312923751,0.073015542,0.010430792,0,0.010430792,0.385939293,0.06258475,0.824032544,9587,193,61,"park-cemetery-etc-Manhattan",0,0.246132208,0,0.536216596,0.668073136,0,0.096694796,0,0.52742616,0.08790436,1.898734177
"194",194,"QN18",81,"Rego Park",0,0,0.043563494,0.304944457,0.087126988,0.087126988,0,0.043563494,0.566325419,0.130690481,0.370289697,4591,194,81,"Rego Park",0,0,0,0.831966253,0,0,0,0,0.749941411,0,1.113194282
"195",195,"QN29",81,"Elmhurst",0,0,0.020006002,0.355106532,0.020006002,0.055016505,0,0.035010503,0.450135041,0.050015005,0.120036011,19994,195,81,"Elmhurst",0,0,0,0.924044323,0.184042023,0,0,0,0.555960278,0.023005253,0.042176297
